{"stl_file_names": ["head.stl", "thorax.stl", "abdomen.stl", "membrane_0_L.stl", "membrane_1_L.stl", "membrane_2_L.stl", "membrane_3_L.stl", "membrane_0_R.stl", "membrane_1_R.stl", "membrane_2_R.stl", "membrane_3_R.stl"], "N_state": 37, "N_components": 5, "N_segments": 11, "state_constants": [[1.0, 1.0, 1.0, 1.0, 0.33333, 0.33333, 0.33333, 1.0, 0.33333, 0.33333, 0.33333], [1.0, 1.0, 1.0, 1.0, 0.0, -0.05959, -0.36186, 1.0, 0.0, 0.05959, 0.36186], [1.0, 1.0, 1.0, 1.0, 1.0, 0.99822, 0.93223, 1.0, 1.0, 0.99822, 0.93223], [1.0, 1.0, 1.0, 1.0, 0.0, 0.0, 0.0, 1.0, 0.0, 0.0, 0.0], [1.0, 1.0, 1.0, 1.0, 0.0, 0.0, 0.0, 1.0, 0.0, 0.0, 0.0], [1.0, 1.0, 1.0, 1.0, 0.0, 0.0, 0.0, 1.0, 0.0, 0.0, 0.0], [1.0, 1.0, 1.0, 1.0, 0.0, 0.0, 0.0, 1.0, 0.0, 0.0, 0.0]], "state_connectivity": [[0, 7, 14, 21, 28, 28, 28, 29, 36, 36, 36], [1, 8, 15, 22, -1, -1, -1, 30, -1, -1, -1], [2, 9, 16, 23, -1, -1, -1, 31, -1, -1, -1], [3, 10, 17, 24, -1, -1, -1, 32, -1, -1, -1], [4, 11, 18, 25, -1, -1, -1, 33, -1, -1, -1], [5, 12, 19, 26, -1, -1, -1, 34, -1, -1, -1], [6, 13, 20, 27, -1, -1, -1, 35, -1, -1, -1]], "state_computation": [[0, 6], [7, 13], [14, 20], [21, 28], [29, 36]], "parent_child_inds": [[0, -1, -1, -1, -1, -1, -1, -1, -1, -1, -1], [1, -1, -1, -1, -1, -1, -1, -1, -1, -1, -1], [2, -1, -1, -1, -1, -1, -1, -1, -1, -1, -1], [3, 4, 5, 6, -1, -1, -1, -1, -1, -1, -1], [7, 8, 9, 10, -1, -1, -1, -1, -1, -1, -1]], "body_or_wing": [[0, 0, 0, 0, 0, 0, 0, 0, 0, 0, 0], [0, 0, 0, 0, 0, 0, 0, 0, 0, 0, 0], [0, 0, 0, 0, 0, 0, 0, 0, 0, 0, 0], [1, 1, 1, 1, 1, 1, 1, 1, 1, 1, 1], [1, 1, 1, 1, 1, 1, 1, 1, 1, 1, 1]], "bounds": [[0.7853981633974483, 0.0], [-0.5, 0.5], [-0.5, 0.5], [-0.5, 0.5], [-3.0, 3.0], [-3.0, 3.0], [-3.0, 3.0], [0.7853981633974483, 0.0], [-0.5, 0.5], [-0.5, 0.5], [-0.5, 0.5], [-3.0, 3.0], [-3.0, 3.0], [-3.0, 3.0], [0.7853981633974483, 0.0], [-0.5, 0.5], [-0.5, 0.5], [-0.5, 0.5], [-3.0, 3.0], [-3.0, 3.0], [-3.0, 3.0], [0.7853981633974483, 0.0], [-0.5, 0.5], [-0.5, 0.5], [-0.5, 0.5], [-3.0, 3.0], [-3.0, 3.0], [-3.0, 3.0], [-1.5707963267948966, 1.5707963267948966], [0.7853981633974483, 0.0], [-0.5, 0.5], [-0.5, 0.5], [-0.5, 0.5], [-3.0, 3.0], [-3.0, 3.0], [-3.0, 3.0], [-1.5707963267948966, 1.5707963267948966]], "std_dev": [0.1, 0.1, 0.1, 0.1, 0.1, 0.1, 0.1, 0.1, 0.1, 0.1, 0.1, 0.1, 0.1, 0.1, 0.1, 0.1, 0.1, 0.1, 0.1, 0.1, 0.1, 0.1, 0.1, 0.1, 0.1, 0.1, 0.1, 0.1, 0.1, 0.1, 0.1, 0.1, 0.1, 0.1, 0.1, 0.1, 0.1], "N_constraints": 4, "N_joints": 8, "constraint_tol": 1e-09, "joint_locs": [[0.9659258262890683, 0.0, -0.25881904510252074, 0.0, 0.0, 0.5, 0.0], [1.0, 0.0, 0.0, 0.0, 0.0, 0.0, 0.0], [0.9659258262890683, 0.0, -0.25881904510252074, 0.0, 0.0, -0.5, 0.0], [1.0, 0.0, 0.0, 0.0, 0.0, 0.0, 0.0], [0.9659258262890683, 0.0, -0.25881904510252074, 0.0, 0.0, 0.0, 0.0], [1.0, 0.0, 0.0, 0.0, 0.0, 2.64, 0.0], [0.9659258262890683, 0.0, -0.25881904510252074, 0.0, 0.0, 0.0, 0.0], [1.0, 0.0, 0.0, 0.0, 0.0, -2.64, 0.0]], "constraint_ids": [[2, 2], [1, 1], [1, 3], [1, 4]], "constraint_types": [[1, 1, 3, 0, 1], [1, 1, 4, 2, 3], [1, 1, 3, 4, 5], [1, 1, 4, 6, 7]], "constraint_bounds": [[-2.0943951023931953, 2.0943951023931953], [-1.5707963267948966, 1.5707963267948966], [-1.7453292519943295, 1.7453292519943295], [-3.0, 3.0], [-1.0, 3.0], [-3.0, 3.0], [0.0, 3.0], [-2.0943951023931953, 2.0943951023931953], [-1.5707963267948966, 1.5707963267948966], [-1.7453292519943295, 1.7453292519943295], [-3.0, 3.0], [-3.0, 1.0], [-3.0, 3.0], [0.0, 3.0], [-6.283185307179586, 6.283185307179586], [-6.283185307179586, 6.283185307179586], [-6.283185307179586, 6.283185307179586], [-10.0, 10.0], [-1.0, 10.0], [-10.0, 10.0], [0.0, 10.0], [-6.283185307179586, 6.283185307179586], [-6.283185307179586, 6.283185307179586], [-6.283185307179586, 6.283185307179586], [-10.0, 10.0], [-10.0, 1.0], [-10.0, 10.0], [0.0, 10.0]]}